Date,Open,High,Low,Close,Volume
18-Dec-17,177.5,174.75,176.5,175.84,-
15-Dec-17,170,178.25,170,176.5,310473
14-Dec-17,178.5,178.5,177,177.75,37115
13-Dec-17,180.75,181.5,176.5,177.75,537646
12-Dec-17,185,185,180,180.5,143390
11-Dec-17,180,184,179.75,181.25,202388
08-Dec-17,183,183.75,180,180.75,95029
07-Dec-17,180,181.5,175.25,181,139962
06-Dec-17,175,179.5,175,178,40429
05-Dec-17,174.25,177.75,174.25,177.75,89978
04-Dec-17,176,176,173.25,174.75,88889
01-Dec-17,175.75,176.5,170.5,174.25,137369
30-Nov-17,172.5,176.25,171.75,176.25,151185
29-Nov-17,172.5,174.25,172.5,173.75,83915
28-Nov-17,172.25,174.5,171.5,173.25,67713
27-Nov-17,175.5,175.5,171.25,171.5,106391
24-Nov-17,173.25,175.75,172.5,174,82417
23-Nov-17,173,173.25,165.5,172,65982
22-Nov-17,171,172.5,170,171.25,91207
21-Nov-17,171,171.5,169.25,170,41240
20-Nov-17,167.75,172,167.25,170,65031
17-Nov-17,167,167.25,165.5,166,128129
16-Nov-17,166,167.5,166,167,137032
15-Nov-17,167.5,168,165.75,167,87011
14-Nov-17,166,170,163,166.5,396579
13-Nov-17,168.25,168.25,163.25,163.5,108048
10-Nov-17,174.5,174.5,167.25,168,137468
09-Nov-17,170,172.75,168.5,171.25,99296
08-Nov-17,170.25,170.25,168.25,168.25,75022
07-Nov-17,168,171.5,168,168.5,36810
06-Nov-17,177,177,168,169.75,42458
03-Nov-17,168,173.25,168,170.75,64613
02-Nov-17,170,170.75,168.5,169.5,37675
01-Nov-17,172.25,173.75,170,170,56448
31-Oct-17,175,175,170.25,172.5,63775
30-Oct-17,172,176.75,169,175.25,196191
27-Oct-17,170,171,169.25,169.5,92413
26-Oct-17,171.25,171.5,170,171.25,23121
25-Oct-17,175.25,175.25,169.25,170.5,68854
24-Oct-17,169,174.5,169,170.5,110533
23-Oct-17,174.75,175,171.25,173.5,63365
20-Oct-17,173,176.25,171.5,176.25,70303
19-Oct-17,181,183.5,170,173.5,70169
18-Oct-17,176.75,176.75,170,172.5,76386
17-Oct-17,177.5,177.5,175,175.5,84900
16-Oct-17,177.25,177.5,175,176.5,89633
13-Oct-17,174.75,178.75,174.75,175,102041
12-Oct-17,176.5,178,172.5,176.5,46520
11-Oct-17,175,178,173.75,174.75,222555
10-Oct-17,185,185,176.5,177.75,100743
09-Oct-17,180.25,180.25,176,177.75,111214
06-Oct-17,177.75,183,177.25,178.5,595706
05-Oct-17,162,171.75,162,171.5,77516
04-Oct-17,176.5,177.5,162,170,318045
03-Oct-17,180.75,180.75,176,177,42260
02-Oct-17,184,184,178.5,179.75,82851
29-Sep-17,180,182,179.25,180,175269
28-Sep-17,180,183.75,180,180.5,85304
27-Sep-17,180,184,180,183.75,216865
26-Sep-17,182,182.25,179.5,181.25,56701
25-Sep-17,182.75,183.25,180.25,182,71162
22-Sep-17,181,181.25,178,180.5,50873
21-Sep-17,179.5,180,177.75,178.25,50740
20-Sep-17,179,180.5,176,179.5,72159
19-Sep-17,181,181,178.5,178.75,82581
18-Sep-17,178.75,180.5,177.75,179,204847
15-Sep-17,168,179.75,167.5,179,1148769
14-Sep-17,175,175,166,167.5,128646
13-Sep-17,172,175.5,169,169,105266
12-Sep-17,180,180,172.5,172.5,104235
11-Sep-17,174,179.75,174,174.25,36340
08-Sep-17,181,181,176,177.75,54029
07-Sep-17,175,176.75,175,176,75389
06-Sep-17,176,178,173.25,175,173792
05-Sep-17,176,177.25,176,176.5,135603
04-Sep-17,179,179.25,167.5,176.75,183515
01-Sep-17,177,178.75,176.25,177.75,35088
31-Aug-17,177.75,178,174.25,177,115049
30-Aug-17,175.25,179,175.25,178.25,45431
29-Aug-17,172,178.25,172,178.25,58149
25-Aug-17,181.75,181.75,176,178,129902
24-Aug-17,178.25,180,178.25,178.5,51785
23-Aug-17,182,182,178.5,179.5,47570
22-Aug-17,179,180.25,178.25,178.5,60434
21-Aug-17,170.25,179.5,170.25,178.25,39904
18-Aug-17,178,181,176.5,177.5,100483
17-Aug-17,178,179.75,178,178.75,23941
16-Aug-17,176,180,176,178.75,59291
15-Aug-17,172.5,179.5,172.5,177.75,75634
14-Aug-17,177,178,176,177.5,43164
11-Aug-17,177.5,178,174,176.75,54619
10-Aug-17,178.75,178.75,177,177,93705
09-Aug-17,181.5,181.5,177,179.25,52388
08-Aug-17,178.25,180,177,178,98450
07-Aug-17,184.75,185,178.5,178.5,68670
04-Aug-17,179.5,180.25,178.25,179.75,110983
03-Aug-17,178.5,182,178.5,179,95011
02-Aug-17,182,182,178.5,179,94998
01-Aug-17,176,180.75,176,180,82210
31-Jul-17,181.75,182,179,179,37401
28-Jul-17,175.25,181.75,175.25,179.5,216398
27-Jul-17,184.75,184.75,178.25,179,95634
26-Jul-17,184.75,184.75,177.5,178,173698
25-Jul-17,184.75,184.75,181.25,182.25,61430
24-Jul-17,180,182.75,178.75,180.75,211932
21-Jul-17,184.75,184.75,182,183,146544
20-Jul-17,184.75,185.75,183,184.75,34128
19-Jul-17,184,185,179.75,183,122053
18-Jul-17,182.5,182.5,180,182,167298
17-Jul-17,181,189,181,182.5,59014
14-Jul-17,182.5,187.25,180.75,184.75,100466
13-Jul-17,185,185,179,181.5,42285
12-Jul-17,175.25,180,175.25,179.5,91303
11-Jul-17,189.75,189.75,178,179,68028
10-Jul-17,180.75,185.75,180.75,181.75,138865
07-Jul-17,186.75,187,183.25,185,141188
06-Jul-17,180.25,189,180.25,186.5,142108
05-Jul-17,181.75,185.75,181.75,184.75,84217
04-Jul-17,182,183.5,181,182.5,56808
03-Jul-17,182.75,187,180.5,181.75,94980
30-Jun-17,186.75,186.75,182,185,98540
29-Jun-17,182.75,188,182.75,187.25,77209
28-Jun-17,186.5,188,182.5,186.75,206810
27-Jun-17,189.25,192,185.75,186,78537
26-Jun-17,191,191.5,187.25,189,138478
23-Jun-17,190,193,187,188.5,149146
22-Jun-17,184,199,184,191.5,169091
21-Jun-17,186.75,187.75,180.25,186.25,87714
20-Jun-17,189.75,190,187.5,187.5,48192
19-Jun-17,187.75,190,187.75,188,58500
16-Jun-17,186.5,189,183.71,183.71,245538
15-Jun-17,189.75,189.75,184.25,186.75,42572
14-Jun-17,185,188.25,184.5,188.25,101663
13-Jun-17,181.5,186.25,181.5,185.25,39150
12-Jun-17,182.75,184.75,176.6,183.71,44011
09-Jun-17,180,184,178.18,179.89,64406
08-Jun-17,182,182.25,179.75,180.54,139540
07-Jun-17,184.75,184.75,180,182.5,176045
06-Jun-17,180.75,182.25,180,181.5,49863
05-Jun-17,184.75,184.75,180,182.77,84967
02-Jun-17,184.75,184.75,179.91,182,88584
01-Jun-17,184,184,178.75,179.91,68938
31-May-17,182,182,178.75,179.55,140655
30-May-17,175,182,175,180.06,109873
26-May-17,182.25,182.58,177.38,182,67957
25-May-17,180,181,177,181,139261
24-May-17,180,181.5,179,179,102727
23-May-17,181.25,190,180,180,75686
22-May-17,180,186.74,180,183,87668
19-May-17,185,185,180.25,182,57662
18-May-17,180,182.25,177.26,179.32,114441
17-May-17,178.5,182.25,178.25,179.5,174367
16-May-17,178.5,183.5,178.5,181.5,169343
15-May-17,181,184.75,179.75,181.75,128353
12-May-17,185,185.75,178.69,181.8,80918
11-May-17,191,191.25,184.15,184.25,132637
10-May-17,191.25,191.5,189.25,190,50043
09-May-17,185,195,185,191.57,106496
08-May-17,185,190,185,188.25,95087
05-May-17,185,191.5,185,190.5,62040
04-May-17,190.5,191.75,185.68,191,78220
03-May-17,195,195,186,188.25,142902
02-May-17,188.5,191,186.33,188,107245
28-Apr-17,193,194.25,186.25,190,95002
27-Apr-17,194.75,198.77,193.25,194.75,207438
26-Apr-17,194.5,198.5,194.5,197.75,79910
25-Apr-17,190,197,190,196,39130
24-Apr-17,194.25,198.75,194.25,196.25,74907
21-Apr-17,193.25,194.75,190,194,171208
20-Apr-17,194.75,197.5,191.5,193.5,216838
19-Apr-17,192.25,195,190.25,195,83066
18-Apr-17,190,194.75,188.75,193.86,316176
13-Apr-17,195.25,196.75,193.25,194.5,95358
12-Apr-17,190,199.5,190,196.25,153306
11-Apr-17,190,199,190,197.5,195714
10-Apr-17,195,199,191.74,197.75,168035
07-Apr-17,191.5,192.25,189.58,191.75,189779
06-Apr-17,190.5,192.25,187.12,192,92118
05-Apr-17,192,194.25,189.25,192.5,213028
04-Apr-17,189,191.25,188,189.25,211930
03-Apr-17,191.75,193.25,187,189,256239
31-Mar-17,194,194.75,191.25,192,251658
30-Mar-17,191.5,196.8,191.5,195,80119
29-Mar-17,196.5,197.75,195.75,196.5,112312
28-Mar-17,191,198.5,191,196.75,144460
27-Mar-17,194.25,195.75,192.5,192.75,120185
24-Mar-17,195.25,198,194.5,195.75,128653
23-Mar-17,186,198.75,186,195.5,204363
22-Mar-17,194.75,195.5,190,193.25,336320
21-Mar-17,197.25,200,195,195.5,259550
20-Mar-17,199.5,199.5,196.25,198,410044
17-Mar-17,198,200,191.25,198.5,650460
16-Mar-17,197.5,200,197.25,198,132025
15-Mar-17,197.75,199.75,197,199.75,231468
14-Mar-17,197.25,199.25,196.69,198,188014
13-Mar-17,197.5,200.63,197,198,157658
10-Mar-17,193.25,202,193.25,200,185488
09-Mar-17,194,204.5,194,201.5,204852
08-Mar-17,192.5,203.25,192.5,202,266387
07-Mar-17,192.5,201.65,192.5,200.72,307923
06-Mar-17,195.5,202.25,195.5,201.75,159031
03-Mar-17,204.5,205,198.5,200.5,509653
02-Mar-17,196,208,195.62,204,410016
01-Mar-17,195,196.5,192.75,195.55,619901
28-Feb-17,190.75,197,190.75,195.48,344801
27-Feb-17,186.5,194,186.5,194,172685
24-Feb-17,193.25,194.88,191,194,313834
23-Feb-17,186.5,195,186.5,194,126596
22-Feb-17,186.5,194,186.5,193,185613
21-Feb-17,191,194.5,189.5,192.25,321401
20-Feb-17,193.75,194.25,188.75,191,139088
17-Feb-17,190.5,194.25,190.5,193.38,142846
16-Feb-17,193.25,194.5,190.25,194,208577
15-Feb-17,190,195.25,190,193.5,459167
14-Feb-17,194,194,190.83,192,69960
13-Feb-17,194,195,191.5,192.25,308373
10-Feb-17,193,193,187.15,192,137900
09-Feb-17,192.25,194,187.75,191,179066
08-Feb-17,192,193.75,190.75,192,205900
07-Feb-17,191.75,194,189.5,191.75,425577
06-Feb-17,192,192.25,189.5,190.05,244086
03-Feb-17,190.75,192.75,189,190.07,223291
02-Feb-17,189,192,187,188,104652
01-Feb-17,194,194,185.81,193.38,197224
31-Jan-17,191.75,194,183.81,192,218593
30-Jan-17,195,196,179.38,194,327220
27-Jan-17,196,196,193.4,195.5,175615
26-Jan-17,184,195.75,184,194.5,136448
25-Jan-17,185,194.07,185,193,101977
24-Jan-17,180,193.25,180,187.5,262281
23-Jan-17,180,189,180,185.39,163896
20-Jan-17,178,184.38,175,184,299258
19-Jan-17,171,174,169.33,170.88,202464
18-Jan-17,162,170.02,162,167.75,70062
17-Jan-17,165,173.5,165,169,66924
16-Jan-17,170,173.75,168.83,171.75,43910
13-Jan-17,165,174,165,173,192657
12-Jan-17,173,173,168.18,171,150288
11-Jan-17,170,172.25,165,170.75,229579
10-Jan-17,165,172.5,165,170.85,96054
09-Jan-17,173,173,170,170.61,66700
06-Jan-17,173,173,167.68,170.38,16705
05-Jan-17,173,173,170.75,171.75,99018
04-Jan-17,173,173,169,170.2,70703
03-Jan-17,173,173,165.55,170.79,130445
30-Dec-16,167.75,171.5,167.75,170,25170
29-Dec-16,172,172,168.5,168.75,45207
28-Dec-16,170.5,171,168.75,169.5,80792
23-Dec-16,170.5,170.5,169,169.25,7040
22-Dec-16,170.5,172.5,168.75,170.8,138425
21-Dec-16,171,172.85,168.41,169.25,57346
20-Dec-16,165,172.5,165,169.16,145268
19-Dec-16,173,173,167.5,169,97860
16-Dec-16,173,173,166.5,169.36,205505
15-Dec-16,165,169.5,165,169,167312
14-Dec-16,170,170,167.5,168.17,152015
13-Dec-16,166.75,169.5,165.75,167,136857
12-Dec-16,168,168,165,166.25,189091
09-Dec-16,167.25,168,166.1,167.33,249620
08-Dec-16,168,168,163.75,167.04,117283
07-Dec-16,169.25,169.25,163.75,167,147146
06-Dec-16,170,170,162.42,167,168708
05-Dec-16,166,168.75,166,166.5,83071
02-Dec-16,170,170,166.5,166.5,52872
01-Dec-16,166,168.75,166,166.5,71545
30-Nov-16,172.75,173.5,166,168.5,193483
29-Nov-16,166.25,171.75,166.25,168.75,89879
28-Nov-16,166,174.75,166,167.25,113401
25-Nov-16,170,170.75,166.33,168,92294
24-Nov-16,166,169.5,166,167.75,59230
23-Nov-16,164.75,170.75,162.75,168,293059
22-Nov-16,164.75,164.75,159.5,161.5,136344
21-Nov-16,163.25,164.75,159,159.25,192565
18-Nov-16,155,158,155,156.5,65011
17-Nov-16,159,159.75,155,155.75,52985
16-Nov-16,158,158.25,155.25,157.45,143044
15-Nov-16,158,159.75,157.2,157.5,58723
14-Nov-16,158,160,156.8,158,58281
11-Nov-16,162,162,153.5,155.02,112397
10-Nov-16,158,168.25,157.08,160.5,268189
09-Nov-16,147,156.95,146.25,155.5,153279
08-Nov-16,150,150,147,148,54195
07-Nov-16,147,148.25,145.48,147.75,81346
04-Nov-16,150,150,143.18,143.18,73060
03-Nov-16,145,149.5,143.75,145.25,115323
02-Nov-16,142.25,145.22,142,143,136449
01-Nov-16,142.25,145.75,142.25,144,62493
31-Oct-16,145,149,143.5,145,122117
28-Oct-16,144.25,145,142,144,90076
27-Oct-16,143.5,145,142.25,143,102367
26-Oct-16,142,143,140.25,142.5,130655
25-Oct-16,142.5,142.75,140,140.16,153422
24-Oct-16,140.5,143.5,140.5,142,155851
21-Oct-16,140,143.75,140,143.75,115934
20-Oct-16,145,145,140,141,136751
19-Oct-16,140.25,143.89,140.25,142.75,164308
18-Oct-16,145,147,142,142.41,169332
17-Oct-16,144,149.25,144,145.75,217605
14-Oct-16,141,146.25,141,144.97,234607
13-Oct-16,145,147,142.5,144,174211
12-Oct-16,141,145.75,141,143.75,74852
11-Oct-16,147,147,141.19,142,138771
10-Oct-16,144,146.75,140.38,144.5,112882
07-Oct-16,142,143.25,140.5,141.75,137966
06-Oct-16,140,144.68,140,141.75,120723
05-Oct-16,145,145,141.25,144.5,118412
04-Oct-16,142,149.5,142,143,459632
03-Oct-16,136,144.25,136,144,64587
30-Sep-16,143,143.75,138.5,138.75,174008
29-Sep-16,141.75,147.5,136.5,143.25,150862
28-Sep-16,135.25,140.75,135.25,137,45000
27-Sep-16,136,139.25,135.75,136,159653
26-Sep-16,139,142.4,137.5,140.5,72474
23-Sep-16,146.5,146.5,139.75,140.47,157445
22-Sep-16,142,147.75,142,143.25,110630
21-Sep-16,142,145.5,142,143.5,37540
20-Sep-16,149,149,142.46,143,60376
19-Sep-16,145.25,148.5,145.25,146.7,135250
16-Sep-16,145.25,148.99,145.25,146,172830
15-Sep-16,145.25,149.75,145.25,149.12,129164
14-Sep-16,145.25,151.25,145.25,150,55288
13-Sep-16,145.25,152.5,145.25,152.5,72998
12-Sep-16,149.25,152,147.5,148.5,72545
09-Sep-16,142.25,154,142.25,153.75,149196
08-Sep-16,144.75,147.5,144.28,146.5,115560
07-Sep-16,140,144.75,140,144.75,122896
06-Sep-16,145,145,139.92,140,162370
05-Sep-16,139.5,143.18,139.5,140.75,80939
02-Sep-16,140,145,138.5,140.25,297380
01-Sep-16,145,145,140.5,141.25,73324
31-Aug-16,140,145,139.25,143.25,173326
30-Aug-16,142,142,138.91,141,93618
26-Aug-16,140,141,137.81,140.75,80869
25-Aug-16,140,141.5,138,140.5,122159
24-Aug-16,139.5,139.5,137.75,138,210296
23-Aug-16,143.5,143.5,138.75,138.75,43771
22-Aug-16,142.75,144.25,140,141,44935
19-Aug-16,142.75,142.75,139.72,140.75,57205
18-Aug-16,138,143.98,138,139.5,116141
17-Aug-16,133.25,138,132.69,137.25,52802
16-Aug-16,132.5,135,132.25,132.5,87511
15-Aug-16,133,134.75,130.5,131.25,156951
12-Aug-16,131.5,135.5,131.5,133.88,118670
11-Aug-16,134.5,134.5,131.75,132,65147
10-Aug-16,130,134.75,129.61,132.5,98962
09-Aug-16,130,132,128,129.76,156577
08-Aug-16,134,135,130.25,130.25,221965
05-Aug-16,131.5,134.25,130.5,131.5,106016
04-Aug-16,132,134.5,131,131.75,124713
03-Aug-16,134.75,135,130.5,133.5,75097
02-Aug-16,135.75,136.5,131,133.51,118328
01-Aug-16,140,144.75,136.75,136.75,145307
29-Jul-16,143.5,145.53,137,137.25,150460
28-Jul-16,141.5,146.31,141.5,142.5,117310
27-Jul-16,140.75,143,137.85,141,130997
26-Jul-16,137.25,141.5,137.25,139,104980
25-Jul-16,136.75,140,135.3,137.25,169329
22-Jul-16,140,140,133.5,135.5,106069
21-Jul-16,130,137.25,128.25,130,146924
20-Jul-16,127.75,128,126,126.5,59786
19-Jul-16,127,127.62,123,125,226850
18-Jul-16,125,129.25,125,126,95045
15-Jul-16,125,128.5,125,126,78388
14-Jul-16,128.75,128.75,124,125.25,135951
13-Jul-16,128,129,124.75,127.25,125652
12-Jul-16,128.5,128.5,125,127.25,113544
11-Jul-16,130,130,126,128,107971
08-Jul-16,127.5,127.75,126,126.5,113825
07-Jul-16,126,127.68,124.75,125.75,121883
06-Jul-16,126,128.88,120,125.75,205754
05-Jul-16,130,130,125.5,126.75,66326
04-Jul-16,132,133.25,128.75,128.75,53093
01-Jul-16,126.5,132.25,124,130.5,152653
30-Jun-16,127,129,122.25,126,171242
29-Jun-16,121.25,126.81,121.25,123.35,173366
28-Jun-16,120.25,123.25,120.25,122,140375
27-Jun-16,120.25,124.75,118.25,120,231653
24-Jun-16,106.75,128.25,106.75,121,190865
23-Jun-16,121,126.92,121,126.5,277807
22-Jun-16,116.25,127,112.94,127,383458
21-Jun-16,90.25,124,90.25,115,564306
20-Jun-16,135,140.75,135,139.75,84543
17-Jun-16,129,134.25,126.6,132,176106
16-Jun-16,130,132,125.5,128.25,233292
15-Jun-16,130,133.81,127.75,129.5,242417
14-Jun-16,133,133,130.5,131.25,80982
13-Jun-16,139.25,139.25,130,131.25,110286
10-Jun-16,140,140,130.69,132.25,120061
09-Jun-16,130,136.75,130,134.5,47761
03-Jun-16,135.75,138.75,134.4,135.75,67050
02-Jun-16,135,138,134.75,135,120698
01-Jun-16,135,138.5,135,136,83752
31-May-16,137,140.75,135,138,287311
27-May-16,137,137.75,131.75,137.19,141132
26-May-16,135,138,132,135,102832
25-May-16,135,139.25,135,136.75,165584
24-May-16,136.5,140.5,134,138.75,220662
23-May-16,127.25,135.25,127.25,131.12,272674
20-May-16,137,137.25,131.75,132.25,82151
19-May-16,131.25,136,131,131.5,120560
18-May-16,138,138.5,132.75,135,174782
17-May-16,133,136.25,133,133.75,215433
16-May-16,134,141.25,132.25,133.5,263264
13-May-16,140,140,131.75,132.75,218421
12-May-16,144,144,133.75,134,148905
11-May-16,144,144,135,136.75,121032
10-May-16,139.5,141.9,137,138.25,119832
09-May-16,144,144,138.25,139.72,111503
06-May-16,137,138.5,135.5,137.75,243050
05-May-16,137.25,141.75,136.25,137,135725
04-May-16,140.25,140.38,135.75,136.84,324658
03-May-16,150,150,136,137,303244
29-Apr-16,150,150,143,143,278826
28-Apr-16,145.75,146.65,143,144,129682
27-Apr-16,142.25,145.88,142.25,145.75,224298
26-Apr-16,143,144.75,142.25,144.25,232037
25-Apr-16,145,145,141.75,143,211266
22-Apr-16,140,143.25,138.5,142,184287
21-Apr-16,137,139.25,136,139.25,173941
20-Apr-16,135.5,137.5,135.5,136.5,164187
19-Apr-16,139.25,139.25,136.25,136.25,107508
18-Apr-16,139.75,139.75,135,137,359751
15-Apr-16,140.75,141.06,136.25,137,198696
14-Apr-16,141,142,138.75,139.75,220308
13-Apr-16,140,141.69,137,141,291606
12-Apr-16,140,140,136.75,138.5,539223
11-Apr-16,133,139.39,133,137,837478
08-Apr-16,138,142.25,135.75,136.75,705541
07-Apr-16,139,148.61,134.25,135.25,565740
06-Apr-16,137.75,137.75,132.75,134.25,257992
05-Apr-16,145,145,133.25,134.25,347324
04-Apr-16,137.25,146,132.75,137,518532
01-Apr-16,125.25,132.62,125.25,130,580557
31-Mar-16,132,136.5,130.75,132.5,208129
30-Mar-16,130.25,134.5,130.25,134,273842
29-Mar-16,126,136,126,131.5,443187
24-Mar-16,125,128.25,120.88,126,977693
23-Mar-16,121.25,128.75,121.25,126.25,207122
22-Mar-16,127,132,124.4,128.75,319857
21-Mar-16,133,133.38,120.25,132.45,600936
18-Mar-16,130.5,135.25,130.5,133.5,331649
17-Mar-16,135,135,131.25,133.25,105863
16-Mar-16,132,133.75,128.4,132.25,242265
15-Mar-16,129.25,134,129.25,130.5,88985
14-Mar-16,129.25,135,129.25,135,221261
11-Mar-16,131.25,133.5,131,132,167639
10-Mar-16,134.75,134.75,130.5,132.75,236874
09-Mar-16,138.5,139.25,131.25,133.5,279098
08-Mar-16,135,138,133.08,138,394750
07-Mar-16,135,135.75,131,134.5,186789
04-Mar-16,125.25,136.25,125.25,136,587524
03-Mar-16,124.75,126.75,123.58,126.75,323537
02-Mar-16,127.75,129.05,121.75,125.25,390484
01-Mar-16,128.5,128.5,125.25,127,337552
29-Feb-16,128.25,128.25,123.5,125,508494
26-Feb-16,126.75,129.75,125,127.75,523879
25-Feb-16,128,128,122.75,125.5,521847
24-Feb-16,124,129.75,123.5,127.25,673515
23-Feb-16,123.75,124.7,121.5,123.5,771180
22-Feb-16,118.75,123.78,118.75,122.5,332786
19-Feb-16,121.5,121.75,119.25,120.58,461930
18-Feb-16,120,123,117.25,121.88,852258
17-Feb-16,114.75,118.25,113.75,118.25,2229596
16-Feb-16,115.25,117.31,114.25,115,1306102
15-Feb-16,117,121.25,116.25,117.5,591188
12-Feb-16,120,121.25,115,117,1403546
11-Feb-16,122,124.5,119.25,119.75,478196
10-Feb-16,128,129.75,120.5,126,288880
09-Feb-16,140.5,148,124.5,130,286378
08-Feb-16,160.5,163.8,153.5,157.5,90792
05-Feb-16,153,166.25,153,165.25,55611
04-Feb-16,156.25,159.5,153,157.5,69648
03-Feb-16,164.75,164.75,152,158.5,101323
02-Feb-16,163.25,165.56,161.28,162.25,88405
01-Feb-16,160.25,168,160.25,166.5,144432
29-Jan-16,155.25,167.5,155.25,167.5,167895
28-Jan-16,155,160,152.03,159,328447
27-Jan-16,156,158.75,152.75,154,207428
26-Jan-16,157.75,158.55,155,155.5,175841
25-Jan-16,159.75,159.75,155.5,158,149580
22-Jan-16,168.75,168.75,148.5,156.75,158784
21-Jan-16,160,169.75,156.75,160.75,429816
20-Jan-16,171.5,178.25,171.5,178,74791
19-Jan-16,180.25,180.86,177.25,180.25,87179
18-Jan-16,183.25,186.25,179.6,186.25,167278
15-Jan-16,184,185,179.5,180,258058
14-Jan-16,179.5,182.75,175.71,180,212190
13-Jan-16,178,184,172.54,180,100006
12-Jan-16,174.25,177.75,166.75,176.5,70567
11-Jan-16,175,175,168,170,101279
08-Jan-16,174,176.25,168,169.5,44539
07-Jan-16,177,177.17,171.5,173,156616
06-Jan-16,177.5,183,177.5,180,72200
05-Jan-16,184.5,184.5,177.19,184,36511
04-Jan-16,190,190.5,180,180.75,69400
31-Dec-15,186.75,189.5,186.5,189.5,12119
30-Dec-15,190,190,184,184,65362
29-Dec-15,182,189.62,182,189,78389
24-Dec-15,178.5,180.25,178.25,179.5,1552
23-Dec-15,181.75,181.75,179,179,39575
22-Dec-15,174,181.25,174,178.75,31649
21-Dec-15,167,178,167,175.25,81902
18-Dec-15,167.5,174,167.5,172,129428
16-Dec-15,170,172.75,168,172.32,101239
15-Dec-15,167,170.25,167,169.75,135117
14-Dec-15,175.25,179.75,169.25,170.82,117211
11-Dec-15,181.75,181.75,175.5,176.25,104612
10-Dec-15,174.75,180,174.75,180,60563
09-Dec-15,174,181.87,174,180,126472
08-Dec-15,182.5,182.5,178,182,107480
07-Dec-15,185,186,177.75,181.75,65814
04-Dec-15,185,189.75,185,185.25,83001
03-Dec-15,188.75,189.75,185,189.75,107998
02-Dec-15,195,199.45,182,190,210261
01-Dec-15,200,201.75,197.5,199,124636
30-Nov-15,189,199.5,189,199.5,128182
27-Nov-15,193.75,194,187.75,188.25,83718
26-Nov-15,189.75,193,186.06,188.5,215709
25-Nov-15,177,195,177,188.75,222614
24-Nov-15,187.75,189.5,183.23,184.75,144282
23-Nov-15,204.5,204.5,182.5,183.5,166343
20-Nov-15,185,203.25,183,202,246028
19-Nov-15,185,190,183.5,186.5,122613
18-Nov-15,180.75,185,179.25,181.75,171841
17-Nov-15,173,182.25,173,182.25,102282
16-Nov-15,171,176.11,170,172,135524
13-Nov-15,165,174.5,165,172.75,106880
12-Nov-15,172.75,172.75,164.25,168,142026
11-Nov-15,173,181.65,172.25,173.75,131498
10-Nov-15,174.25,179,173.3,175.25,55142
09-Nov-15,175,179.75,171.75,176.5,93697
06-Nov-15,177,177,171.5,173.5,85978
05-Nov-15,175,180.31,172.75,173.75,105987
04-Nov-15,173.5,181.04,171.75,181,145003
03-Nov-15,178,179.31,173,176.5,197355
02-Nov-15,172.75,179.5,171.5,178,230921
30-Oct-15,160.5,172.25,159.25,172,320117
29-Oct-15,169.5,169.5,161.75,164.75,217614
28-Oct-15,173,176.5,156.25,166,736439
27-Oct-15,162,180.25,131,175.25,1491018
26-Oct-15,225.25,227.75,222.75,226.5,74842
23-Oct-15,227,227,225,225,144515
22-Oct-15,226.75,228,225.5,225.5,34153
21-Oct-15,229,229,225,225,46605
20-Oct-15,224.25,228.5,224.25,226.75,18931
19-Oct-15,224,227.5,224,227,27062
16-Oct-15,225,228.12,225,226.25,116438
15-Oct-15,223,226,223,226,36621
14-Oct-15,223,226.25,223,226.25,36249
13-Oct-15,225,227.5,225,227.5,70376
12-Oct-15,235,235,225,225,33323
09-Oct-15,232,234.78,229.75,230.75,175672
08-Oct-15,231,233,227.75,230.25,105172
07-Oct-15,234.25,236,231.38,233.5,91253
06-Oct-15,239.75,239.75,228.5,230,73741
05-Oct-15,239.25,240.45,233.75,236,104737
02-Oct-15,232.75,239.1,230.25,233.5,75998
01-Oct-15,220,240,220,240,141373
30-Sep-15,223.5,223.5,218.5,223,78957
29-Sep-15,222.75,223.75,217.75,218.25,79733
28-Sep-15,225,227.5,222.5,222.5,17973
25-Sep-15,217,224,217,222,83099
24-Sep-15,218.75,223.76,218.75,220.5,30208
23-Sep-15,225,225,220.13,223.25,43423
22-Sep-15,223.5,223.87,222,222,63247
21-Sep-15,225,226.25,222.5,224.25,96987
18-Sep-15,230.75,230.75,225.25,227,133923
17-Sep-15,225,231.5,225,229.5,47123
16-Sep-15,223,231,223,230,132555
15-Sep-15,234.75,234.75,223,225.75,154521
14-Sep-15,221.25,233,221,228.5,190119
11-Sep-15,215,219,215,215.75,61428
10-Sep-15,220,220.75,216,217,13322
09-Sep-15,220,220,217.25,218,66394
08-Sep-15,220,222.5,216.25,216.25,53261
07-Sep-15,220.5,220.5,212.75,218,96407
04-Sep-15,228,228,220.06,221,50408
03-Sep-15,223.75,225,219.56,225,78595
02-Sep-15,221.5,229,221.5,225,49659
01-Sep-15,222,228.5,221.5,226,129037
28-Aug-15,221,225.25,218.75,225,100388
27-Aug-15,217,220.75,217,219,91748
26-Aug-15,215,218.5,211.5,217,130854
25-Aug-15,210,220.94,210,214,183726
24-Aug-15,216.75,218.75,210,213.5,108208
21-Aug-15,225.25,227.31,220.25,220.25,160047
20-Aug-15,233,233,225.5,225.5,175585
19-Aug-15,229,233,227.26,229,127991
18-Aug-15,235,235,228.5,231.75,49221
17-Aug-15,229.75,231.25,228,230.75,85493
14-Aug-15,233,235,231.5,231.75,55340
13-Aug-15,234.75,239.25,231,231.5,106154
12-Aug-15,233.25,234.25,230.5,232.25,51657
11-Aug-15,232,237,231.4,234.5,81821
10-Aug-15,237.25,237.25,229.25,232.75,27326
07-Aug-15,236.5,236.5,231.25,232.25,68859
06-Aug-15,231,232.75,228.25,229,404881
05-Aug-15,235.75,235.75,228.25,230.5,169134
04-Aug-15,238,238,228.5,231,71167
03-Aug-15,239.5,239.5,231,234,86016
31-Jul-15,237.75,237.75,233.25,236,111963
30-Jul-15,233.25,236.25,231.5,235,70748
29-Jul-15,231.25,231.75,227,231.5,102084
28-Jul-15,223.5,230.75,223.5,225.5,101706
27-Jul-15,223.5,229.5,223.5,227,124399
24-Jul-15,226.5,230.25,225.01,226,95093
23-Jul-15,220.75,232.5,220.75,230.25,99972
22-Jul-15,219.5,227.5,219.5,227.5,126863
21-Jul-15,225,226.5,221.5,226.5,100531
20-Jul-15,228,228,223.5,224.5,48279
17-Jul-15,226,226,222.5,223.5,43751
16-Jul-15,226,226,223.25,226,58076
15-Jul-15,226,226,222,225,30644
14-Jul-15,234.75,234.75,224,224,92068
13-Jul-15,227,229.5,224.25,229.5,68507
10-Jul-15,220.25,225.75,220.25,224.25,89156
09-Jul-15,213.5,226.25,213.5,226,221931
08-Jul-15,217,219.25,212,218.25,146966
07-Jul-15,221.75,221.75,213.75,214,149523
06-Jul-15,212,220,212,217,150428
03-Jul-15,217.25,218.25,214.71,217,67709
02-Jul-15,216,218.25,214.5,214.5,102205
01-Jul-15,217.25,221.25,215,215.25,168415
30-Jun-15,217.25,223,217.25,220,187797
29-Jun-15,211,225.25,210,224.75,247073
26-Jun-15,216.5,219.5,215,218,142012
25-Jun-15,218,223.54,218,221,233015
24-Jun-15,209,224.26,209,223.75,291811
23-Jun-15,202,216,197.48,213,356034
22-Jun-15,204.25,207.35,203,205.5,172764
19-Jun-15,209.25,209.5,205.25,205.25,283223
18-Jun-15,211.25,212,205.75,209,76508
17-Jun-15,218.25,218.25,210.25,211,45188
16-Jun-15,219.5,219.5,210.75,212,136982
15-Jun-15,215.75,219.75,210.75,213.5,162725
12-Jun-15,214,220,214,218,46374
11-Jun-15,225,225,219.22,220,118192
10-Jun-15,219.25,222.5,219.25,221.5,51901
09-Jun-15,220,222.75,219.25,220,59940
08-Jun-15,220,224.25,220,221.5,65115
05-Jun-15,223.5,223.5,220.25,220.5,57688
04-Jun-15,225,225,221,222.75,54099
03-Jun-15,229.75,229.75,222,224.75,143775
02-Jun-15,229,229,223.5,223.5,26032
01-Jun-15,220,225.5,220,221,67847
29-May-15,221.75,224.5,220,223.25,56971
28-May-15,220.75,223.5,219.75,223.5,117700
27-May-15,226.75,226.75,220,222.25,59456
26-May-15,221,224.5,219,224.5,66060
22-May-15,217,222.25,217,221,29574
21-May-15,219.5,221.75,217.44,221.75,32314
20-May-15,217,221.25,216.25,219.25,61035
19-May-15,217,218.75,215.75,217.03,113513
18-May-15,220,220,214.87,217,51671
15-May-15,216,217.25,214.5,216,28619
14-May-15,220,220,213.96,215,50517
13-May-15,220,220,215,217,94001
12-May-15,220,220,215.25,216.5,81979
11-May-15,220.5,222.83,219.75,220.25,62605
08-May-15,223,225,219.41,220.25,61878
07-May-15,225.75,225.75,215,217.75,133290
06-May-15,218.75,230.18,216.25,226.75,213092
05-May-15,218.75,218.75,215.5,216.25,111621
01-May-15,218.75,218.75,211.75,216.75,54037
30-Apr-15,213.25,216,213.25,215,48901
29-Apr-15,223,223,214.25,214.75,65511
28-Apr-15,221.75,221.75,216.75,221.25,65676
27-Apr-15,216.75,221,216.75,221,79381
24-Apr-15,212,218.83,212,217.5,47860
23-Apr-15,214.75,220,214.75,217.75,55656
22-Apr-15,213,222.75,213,220.75,159294
21-Apr-15,216,219,214.75,219,97228
20-Apr-15,209.75,215.75,209.75,215.75,53396
17-Apr-15,216.25,216.5,213.25,214.5,97766
16-Apr-15,214,216.5,212.25,215.5,171275
15-Apr-15,216.5,221.75,216.5,216.5,74846
14-Apr-15,214,223.5,214,223.5,84337
13-Apr-15,222.75,222.75,215.85,218,99385
10-Apr-15,214,219.75,214,218.75,117004
09-Apr-15,219.5,220.75,216,219,143094
08-Apr-15,211,217.25,208.25,216,154603
07-Apr-15,212.25,214,209,212.25,72029
02-Apr-15,212.5,212.5,208.84,211.75,78310
01-Apr-15,208.75,212.5,206.5,208.75,117052
31-Mar-15,213.5,219.25,208.5,208.5,247396
30-Mar-15,212.5,216,212.5,215.25,162122
27-Mar-15,214.5,219.25,212.5,214,115154
26-Mar-15,213.25,217.5,212.25,215.28,161860
25-Mar-15,212.75,217.5,212.75,216.75,51648
24-Mar-15,213.5,216.75,213.5,215.5,123563
23-Mar-15,216.25,216.5,212.75,216,72641
20-Mar-15,216.75,216.75,212.5,215.5,208079
19-Mar-15,213.5,221.75,210.2,213,227094
18-Mar-15,218.25,219.5,215,218,248240
17-Mar-15,213.5,217.06,213.5,215.5,161655
16-Mar-15,220.5,220.5,215,216.75,59369
13-Mar-15,220,220,215.86,217.25,65043
12-Mar-15,217,218.95,215.56,217.75,66719
11-Mar-15,219,219.5,215.75,216.75,70185
10-Mar-15,224.75,224.75,216,216,253471
09-Mar-15,221,226,220.75,225.25,73489
06-Mar-15,228,228,220.26,221.5,158178
05-Mar-15,219.75,227.75,219.75,227.25,107339
04-Mar-15,230.25,230.25,224.47,225,86394
03-Mar-15,225.25,229.75,223,227.25,149568
02-Mar-15,227.25,227.25,222.65,223.5,99062
27-Feb-15,227.75,228.25,225,226.25,174980
26-Feb-15,228,228.5,225.5,225.5,87075
25-Feb-15,228,231.25,224.5,227,200334
24-Feb-15,231.25,231.25,225.28,227,331526
23-Feb-15,230.25,232,228.69,229.5,60387
20-Feb-15,228.5,231.5,226.75,230,238562
19-Feb-15,230.75,231.5,225,227.5,168785
18-Feb-15,227.25,231.5,224,231.5,159006
17-Feb-15,226.75,227.94,223.75,226,428104
16-Feb-15,229.75,229.75,225,226.25,92062
13-Feb-15,225.75,233.5,223.75,227.75,184004
12-Feb-15,228,230,225.5,226,222688
11-Feb-15,234.5,235.62,227.25,228.75,556621
10-Feb-15,220.25,235.12,217.25,233.25,749397
09-Feb-15,216.75,221.25,216.75,220.25,350733
06-Feb-15,224,224,216.25,220,184002
05-Feb-15,215.75,221.08,215.12,221,135639
04-Feb-15,213.75,217.5,213.75,215.5,52801
03-Feb-15,218.25,219.75,215.5,216.75,30734
02-Feb-15,218.25,218.5,214.25,216.25,105794
30-Jan-15,216.5,219,215.5,216.5,118859
29-Jan-15,221.75,224,215.75,217.75,123259
28-Jan-15,225.25,226.75,220.75,224.25,135585
27-Jan-15,232.5,232.5,225.6,226.5,79737
26-Jan-15,233,233,226,230.5,85498
23-Jan-15,235.25,235.25,228.8,232.5,188904
22-Jan-15,224.5,233.5,222.75,232,219417
21-Jan-15,230,232.25,228,230.25,230288
20-Jan-15,231.25,234.32,229,229,98938
19-Jan-15,229.75,234.25,226.19,234,93808
16-Jan-15,230,233.75,226.75,227.5,214829
15-Jan-15,231,234.5,228.75,231,212240
14-Jan-15,241,241,231,231.25,112466
13-Jan-15,238.75,239.25,235.4,236,93530
12-Jan-15,237.5,241,232.94,237.5,108190
09-Jan-15,233.75,237,232,235,255690
08-Jan-15,235,235,231.98,235,146370
07-Jan-15,229,234.75,229,233,125589
06-Jan-15,230.5,233,226.75,231,123350
05-Jan-15,230,231.75,227.25,229.5,208889
31-Dec-14,237.75,241,236.1,239,33141
30-Dec-14,238.25,241.25,236.5,239.25,78088
29-Dec-14,236.75,242,230.75,238,185459
24-Dec-14,228,235,228,233.25,16914
23-Dec-14,228.25,234,228.25,234,81879
22-Dec-14,233,234.25,226.96,234.25,112877
19-Dec-14,226.5,231.5,226.25,228,210773
18-Dec-14,229.5,231.25,225,230.2,121549
17-Dec-14,226,227.5,222,224,123785
16-Dec-14,221.75,229.75,220,226,149372
15-Dec-14,221.75,226.5,221.75,222,97552
12-Dec-14,226.25,226.87,222.75,225,101677
11-Dec-14,226.25,231,226.25,228,117291
10-Dec-14,233.75,235.5,227.25,227.5,77921
09-Dec-14,239.5,239.5,228,228,129122
08-Dec-14,230,240.05,230,237.75,185968
05-Dec-14,228,237.25,228,235,111124
04-Dec-14,228.5,231.5,228,229,201672
03-Dec-14,231,234.25,227,228.5,220047
02-Dec-14,231,233,228.5,231.25,218600
01-Dec-14,238,238,228.75,230.75,193292
28-Nov-14,239.25,239.25,234.5,236.25,98290
27-Nov-14,236.75,238,234,237,122803
26-Nov-14,240,240.25,230.25,233.5,228163
25-Nov-14,232.75,243,232.75,235.75,293763
24-Nov-14,230,232.75,226.75,226.75,79331
21-Nov-14,227,234,227,228.75,61683
20-Nov-14,231.5,233,228,228,64809
19-Nov-14,230,233.69,229,232.75,73442
18-Nov-14,234.25,235.25,231.75,231.75,77934
17-Nov-14,232,236.25,232,234.5,107230
14-Nov-14,235.5,236.5,234.5,234.94,61173
13-Nov-14,235.75,237.25,233.75,235,120905
12-Nov-14,245,245,232.5,232.75,139722
11-Nov-14,239.75,245.75,237.48,242.75,148090
10-Nov-14,245.25,245.25,240.5,243.25,73689
07-Nov-14,244.5,248,238,243,195000
06-Nov-14,242.25,243.75,238.75,243,59713
05-Nov-14,240.75,242.5,238.75,239.75,62065
04-Nov-14,242.5,244.5,237.5,237.5,110954
03-Nov-14,245.75,245.75,237.75,241,181837
31-Oct-14,245,245.5,239,243.75,213030
30-Oct-14,245.25,245.25,237,242.75,124897
29-Oct-14,238,244,236.19,244,125939
28-Oct-14,238.5,238.75,235.5,236.5,105426
27-Oct-14,240,240,235.05,235.75,111895
24-Oct-14,237.5,239.75,236,239,157713
23-Oct-14,236,238.86,235.75,237,115799
22-Oct-14,239.75,239.75,232.05,236.25,171071
21-Oct-14,233.25,241.5,233.25,236.25,186098
20-Oct-14,225.25,236.5,225.25,236,222627
17-Oct-14,229,229,220.25,228,198414
16-Oct-14,219,228.5,216,226.75,247104
15-Oct-14,221.75,221.75,215.24,217.75,173081
14-Oct-14,214,219,214,218,195774
13-Oct-14,214.75,218.5,214.25,217.25,227861
10-Oct-14,214.5,221.5,213.5,218.25,155001
09-Oct-14,219.25,219.5,215,216,238990
08-Oct-14,215,217.5,211.5,217.5,196986
07-Oct-14,220.75,220.75,211.55,215,230411
06-Oct-14,225,225,218.75,218.75,131679
03-Oct-14,223.5,224.25,217.5,221,168822
02-Oct-14,225.75,225.75,220.75,221.25,114012
01-Oct-14,226.5,226.5,221,224.5,120778
30-Sep-14,229,229,223.5,224.5,204106
29-Sep-14,229.75,232,226,228.25,113584
26-Sep-14,231.5,234,227,227.5,146712
25-Sep-14,241.75,246.64,232.25,232.25,176447
24-Sep-14,235,238.5,232.25,237.75,119834
23-Sep-14,233.25,238.5,231.5,235.25,150358
22-Sep-14,242.5,244.75,234,234.5,184570
19-Sep-14,242.5,244,239,242.75,319990
18-Sep-14,241,241.75,234.75,237.5,108075
17-Sep-14,230.5,240.5,230.5,238,310274
16-Sep-14,239.5,241.5,234.48,236,172319
15-Sep-14,235.25,243.25,229.5,240.25,217233
12-Sep-14,233.5,235.25,230.3,234.5,63185
11-Sep-14,233,236.75,229.5,232,66954
10-Sep-14,230,236,227.94,234.5,208903
09-Sep-14,234.75,235.18,229.25,229.5,88346
08-Sep-14,233,243.31,231.75,233.5,100887
05-Sep-14,233.5,233.5,231,233,81229
04-Sep-14,229.5,233.75,227,233.75,108626
03-Sep-14,232.75,232.75,226.75,228,177918
02-Sep-14,231,232.75,227.75,231.25,75763
01-Sep-14,231.75,231.75,228.75,230,106296
29-Aug-14,231.75,231.75,227,229.25,94528
28-Aug-14,231,233,228.75,230,128288
27-Aug-14,228.5,232.75,227.5,230,186405
26-Aug-14,228,232.4,227.25,229,202211
22-Aug-14,231.75,231.75,224.75,225.25,98633
21-Aug-14,227.25,231.25,225.5,230,111046
20-Aug-14,230.5,230.5,225.25,227.5,156387
19-Aug-14,231.5,232.25,228.25,228.75,183000
18-Aug-14,227,231.5,224.75,229.5,222533
15-Aug-14,219.75,230.5,219.75,228,292733
14-Aug-14,214.5,220,211.69,218.75,145374
13-Aug-14,218.5,218.5,212,214.25,142725
12-Aug-14,211.75,219.75,210.93,219,166414
11-Aug-14,205.75,212,205.25,211,113021
08-Aug-14,201.75,208.5,200.75,205.25,149449
07-Aug-14,200.25,202.5,196.75,202.25,143674
06-Aug-14,198,200.75,196,199.75,136628
05-Aug-14,201,201.25,198.5,200,165078
04-Aug-14,203.25,204.5,199.98,201.25,169111
01-Aug-14,202,204,201.11,203.5,159472
31-Jul-14,203.25,204.19,200.25,202.75,174619
30-Jul-14,204.25,205.25,202.25,204.25,139802
29-Jul-14,203.5,205,202.75,202.75,122720
28-Jul-14,202.5,205,202.25,204,115981
25-Jul-14,204.75,208.25,201.88,203,128988
24-Jul-14,203.25,206.7,200.75,204.5,145330
23-Jul-14,202.75,203.5,201.25,201.5,118773
22-Jul-14,202.5,203.5,200,201.75,93866
21-Jul-14,203.25,205,198.75,200,157951
18-Jul-14,203.25,203.25,199.75,202,214577
17-Jul-14,204,204,202,203,121786
16-Jul-14,205.25,208.5,202.5,203.75,182030
15-Jul-14,204.5,205.25,200.75,202,241643
14-Jul-14,201.5,205.25,199.95,203.75,265199
11-Jul-14,198.75,201.25,198.75,200,219966
10-Jul-14,203.75,203.75,198.25,199,431851
09-Jul-14,198,204,194.56,203.25,452265
08-Jul-14,202.25,202.8,197.92,199,259045
07-Jul-14,206.25,207,201.5,204.25,133972
04-Jul-14,202.25,206.31,201.8,205.75,74113
03-Jul-14,200,206.75,200,203.5,299735
02-Jul-14,202.25,204,200.25,200.75,299474
01-Jul-14,205.75,205.94,201.06,202,261862
30-Jun-14,202.75,206.75,202.55,205.5,273237
27-Jun-14,201.25,203.5,198.25,203.5,211475
26-Jun-14,200.25,202.67,197.25,200.5,435450
25-Jun-14,191,200.25,189,200,816663
24-Jun-14,203,203,181.5,190,2085925
23-Jun-14,208,208.5,204.5,207.5,516409
20-Jun-14,211,212,206.46,206.5,593104
19-Jun-14,213,216,209.25,209.75,339183
18-Jun-14,209.25,213.25,209,212.75,275380
17-Jun-14,210.75,212.75,206.25,208.3,282733
16-Jun-14,214.25,214.75,210.5,210.5,612569
13-Jun-14,216,217.19,211.25,213.5,210106
12-Jun-14,222.25,223.99,216.25,216.25,206627
11-Jun-14,224.75,226.5,222,222.75,230703
10-Jun-14,220,225,218,225,170956
09-Jun-14,220,222,218.5,218.5,130210
06-Jun-14,222.5,222.5,219.75,220.25,198848
05-Jun-14,222.75,223.75,220.25,220.25,76171
04-Jun-14,223.25,224.14,220,222,205887
03-Jun-14,229,229,223.64,225,284319
02-Jun-14,226,229,224.75,225.5,319378
30-May-14,222.5,226.31,222.5,224.5,213605
29-May-14,225.25,226.39,220.92,223,233087
28-May-14,220,226.68,219.73,220.25,288389
27-May-14,215,220.5,215,218.25,342987
23-May-14,212.75,215.11,211.71,214,251235
22-May-14,209,212.5,209,212,198294
21-May-14,208.5,210.5,208,209.25,161603
20-May-14,209.25,211.75,207.5,209.5,296239
19-May-14,208.75,211.05,207.25,210.75,164798
16-May-14,212.25,213.5,206,210.25,592081
15-May-14,212.25,213.25,209.75,212,191814
14-May-14,218.25,218.25,213,213.25,149393
13-May-14,216.5,218.75,215.75,217.25,123418
12-May-14,216.5,216.5,212.5,214,435537
09-May-14,216.75,220,216.75,217,254015
08-May-14,218,221.5,216.75,220.25,286702
07-May-14,220.75,220.75,216.75,217,303503
06-May-14,220.75,225.25,218.25,219.75,164477
02-May-14,221.25,221.84,220.25,221.5,88795
01-May-14,224,226.5,221.75,222,170189
30-Apr-14,226.75,227.76,223,224,211124
29-Apr-14,230.5,232.06,224.88,227.75,280012
28-Apr-14,229.25,234,226.75,229,489703
25-Apr-14,236.5,238.5,230,232,140295
24-Apr-14,235.25,249,235.25,238,229364
23-Apr-14,236.5,239,235,237.5,158301
22-Apr-14,237.5,237.64,235,235.5,212657
17-Apr-14,237.5,239.75,237.25,238,260477
16-Apr-14,235.5,239.25,235.5,238.25,200362
15-Apr-14,238.75,243,235.5,237.5,231910
14-Apr-14,247,248.42,238.5,240.75,204784
11-Apr-14,250.75,250.75,245,249,102583
10-Apr-14,252,252.75,249.5,250.75,143943
09-Apr-14,253.75,256.78,250.5,250.5,119698
08-Apr-14,255.25,257.75,249.75,250.75,256981
07-Apr-14,256.5,257.03,254.75,256.5,111233
04-Apr-14,251.5,257.38,251.5,257,218448
03-Apr-14,256,257.33,249.5,251.75,286502
02-Apr-14,257.75,258.5,254,256.75,107876
01-Apr-14,258.75,261.25,254.92,256.82,169646
31-Mar-14,256.25,260,256.25,260,247296
28-Mar-14,253.25,256.75,253.25,256.5,279451
27-Mar-14,257.75,257.75,252.25,253,139520
26-Mar-14,257,261,256,256,335791
25-Mar-14,263,264,256,257.5,494734
24-Mar-14,272,273.25,262,262,419599
21-Mar-14,272.25,276.31,272.25,273.5,177607
20-Mar-14,274.5,276.75,274,275,228174
19-Mar-14,271,281.4,268.86,276.25,587462
18-Mar-14,268.75,271,266.95,270,277738
17-Mar-14,271.25,271.5,267.57,270,198701
14-Mar-14,274,275.25,267,269.75,227783
13-Mar-14,279,279,272.5,274.75,433588
12-Mar-14,286,286,278.25,279.5,263584
11-Mar-14,286.25,287.5,284,286,171607
10-Mar-14,287.25,289,283.25,285,185485
07-Mar-14,288,289.5,284.75,287,159587
06-Mar-14,285.5,287.5,283,287.5,163570
05-Mar-14,287.25,287.5,280.75,284.25,233029
04-Mar-14,277.25,289.25,277.25,288,362384
03-Mar-14,279.5,280.75,271,276.25,348549
28-Feb-14,264.25,278,262.5,275,502171
27-Feb-14,268.5,268.5,254.75,262.5,505917
26-Feb-14,270.5,270.75,267.5,269.25,325631
25-Feb-14,269.75,270.5,267.5,270,353557
24-Feb-14,270.5,272.75,267.5,270.42,230107
21-Feb-14,275.25,277.75,271.25,271.75,256211
20-Feb-14,279,279,273.25,274.75,288253
19-Feb-14,271.25,279,271.25,277.7,351822
18-Feb-14,270,273.75,269.5,272.5,199840
17-Feb-14,268.5,272.5,266.75,270,216155
14-Feb-14,264.75,273,264.75,269.75,189981
13-Feb-14,265.25,267.25,258,266.25,325118
12-Feb-14,264.5,267.75,263.75,265,260153
11-Feb-14,262.75,266.5,260,262.5,361528
10-Feb-14,258,261,257.5,260,370173
07-Feb-14,257.5,259.5,255.25,257.25,242587
06-Feb-14,252.75,256.75,250.5,256.25,519493
05-Feb-14,244,250.5,244,250,371778
04-Feb-14,245.75,246.25,244.5,245,348203
03-Feb-14,241.75,251,241.75,244.44,489084
31-Jan-14,243.75,243.75,239,241.25,261758
30-Jan-14,243.75,243.75,236.25,240.25,360936
29-Jan-14,238.75,242,237.25,238,493414
28-Jan-14,239.25,239.25,232.25,236,353276
27-Jan-14,243.75,243.75,234.25,237.25,433250
24-Jan-14,246.75,246.75,237.75,240,355025
23-Jan-14,240,246.5,239,242,1079053
22-Jan-14,238.75,240,235.25,240,416315
21-Jan-14,242,243.25,234.25,235.5,439043
20-Jan-14,234.5,241.25,232.25,240,596731
17-Jan-14,231.75,234.75,230,232.25,747530
16-Jan-14,232.25,234,230,230.75,366711
15-Jan-14,232.75,233,229,231.25,349191
14-Jan-14,230,232,228.5,231.5,476314
13-Jan-14,231,233,229,230,516548
10-Jan-14,231,231.5,229.25,230.5,475539
09-Jan-14,231,231,227.75,229.5,364606
08-Jan-14,231,231,228.25,230.25,182866
07-Jan-14,230.5,231.75,228.25,230,231185
06-Jan-14,235,238,227.25,228.5,347981
03-Jan-14,229,236.5,226.25,234.5,288998
02-Jan-14,225.25,232.25,223.5,230,476361
31-Dec-13,222.25,228,222.25,224,108023
30-Dec-13,217,227,217,224,486949
27-Dec-13,215,218.25,212.75,217,251868
24-Dec-13,210,213.5,210,213,130837
23-Dec-13,206,214,206,212.75,390885
20-Dec-13,214.1,217.3,205,205,2774253
19-Dec-13,218.2,218.2,214,215,215726
18-Dec-13,214.4,218,212.3,215,323020
17-Dec-13,215.8,217.2,212.5,213.3,202079
16-Dec-13,211.9,218.5,211.9,215.5,236241
13-Dec-13,210.5,212.6,209.3,211.3,168963
12-Dec-13,208.6,212.1,207.8,210,262199
11-Dec-13,206.5,215.2,206.4,209.6,518943
10-Dec-13,201.5,206.9,200.8,206.4,334274
09-Dec-13,201.5,203.7,199.4,201,286643
06-Dec-13,204.7,206,199.9,200.6,274322
05-Dec-13,205,207.7,203.3,205,233335
04-Dec-13,205.6,205.6,199.3,204.8,404644
03-Dec-13,211.5,213.6,204,205.9,292373
02-Dec-13,213,216.8,212.2,212.2,325659
29-Nov-13,208.3,215.9,207.5,213,503462
28-Nov-13,202.2,209.4,199.6,208.1,272469
27-Nov-13,204.7,209.3,202.9,202.9,223937
26-Nov-13,213.4,214,204.9,204.9,922746
25-Nov-13,211.5,222,211.5,213,1171385
22-Nov-13,188,194.8,188,189.5,455367
21-Nov-13,191.1,192.6,186.3,187,511710
20-Nov-13,198.8,200,191.4,191.4,493620
19-Nov-13,201,202.3,198.4,198.6,404612
18-Nov-13,205.5,207.3,201.4,201.6,349359
15-Nov-13,205.6,207.9,202.6,205,267657
14-Nov-13,207,209.1,202.6,205.1,377475
13-Nov-13,208.9,208.9,200.6,205.2,381245
12-Nov-13,214,214.2,207.6,208.2,518974
11-Nov-13,216.7,218,213,214.4,174564
08-Nov-13,214.7,217,213.4,215.4,391976
07-Nov-13,216.4,218.5,214.3,215.4,487108
06-Nov-13,214.5,217.4,213.9,217,286376
05-Nov-13,217.2,218.7,212.8,214.7,271184
04-Nov-13,214.7,219.8,214.7,216.6,470516
01-Nov-13,218,218,213.7,214,654893
31-Oct-13,222.7,222.8,215.5,217.5,569360
30-Oct-13,223.9,225,222,223.5,342976
29-Oct-13,218.6,224.3,217.7,223,305829
28-Oct-13,223.9,224.1,215.5,219,453648
25-Oct-13,221.3,224.2,220.2,223.2,587592
24-Oct-13,219.5,223,215.9,221,464310
23-Oct-13,214.6,221.7,214.4,219,699037
22-Oct-13,217,219.9,212.1,215,646648
21-Oct-13,217,220.7,215,217.1,700487
18-Oct-13,211.9,218.9,211,217.3,831373
17-Oct-13,215.3,217.5,205.7,210.7,577907
16-Oct-13,210.5,215.8,203.2,215,960907
15-Oct-13,211.3,218.1,210.7,211.5,904831
14-Oct-13,216.9,219,210,211.1,1801293
11-Oct-13,240,246.1,215,220,4003840
10-Oct-13,284.1,286,281.7,284.4,243671
09-Oct-13,285,289.3,281.8,283.5,299522
08-Oct-13,286,287.9,281,282,272836
07-Oct-13,283.9,287,282,286,189588
04-Oct-13,285.8,286.5,283.3,285.5,251843
03-Oct-13,296.1,297.9,284.2,284.8,514416
02-Oct-13,302.8,304.7,295.5,295.5,201528
01-Oct-13,303.5,305.8,301.5,304.4,96138
30-Sep-13,302.7,305.6,297.6,303.8,369756
27-Sep-13,312.1,313.3,303.7,305.2,164622
26-Sep-13,312.6,316.4,309.6,313.5,151172
25-Sep-13,315.3,316.1,310.2,311.7,93273
24-Sep-13,307.6,314.7,307.6,313.7,272708
20-Sep-13,307.9,308.9,305.9,306.5,341489
19-Sep-13,313.7,315.1,307.1,308.8,187554
18-Sep-13,314.3,314.3,308,310,199920
17-Sep-13,317.2,319.7,312.2,312.2,157515
16-Sep-13,320.5,320.5,316.4,318,164955
13-Sep-13,321.9,321.9,317.2,318,172786
12-Sep-13,318.3,323.2,317,319.7,217019
11-Sep-13,313.3,320.2,313.3,318,179066
10-Sep-13,313.5,314.8,312.4,313.2,225998
09-Sep-13,312.9,314,311.6,312,153137
06-Sep-13,311.1,314.5,309.7,313.4,254930
05-Sep-13,311.7,315.2,310.2,311,279553
04-Sep-13,308,313.7,307.2,310,225525
03-Sep-13,309.6,311.5,307.3,308,189378
02-Sep-13,309.1,310.8,305.2,310,183461
30-Aug-13,313.2,314.9,305.4,307.1,274255
29-Aug-13,315.7,317.2,311.1,311.1,324765
28-Aug-13,306.2,315,301,313,452725
27-Aug-13,317,317,306.2,307.5,360552
23-Aug-13,318.8,322.7,318.4,319.8,216614
22-Aug-13,313.7,321.7,313.7,320.2,273728
21-Aug-13,311.6,319,308.5,313.3,186363
20-Aug-13,309.3,310.6,300.1,309.2,227411
19-Aug-13,308.1,311.1,305,308.9,182207
16-Aug-13,306.5,306.8,304.1,306.8,161522
15-Aug-13,313,313.3,304.2,304.2,195085
14-Aug-13,313.1,314.6,311.4,314,127770
13-Aug-13,312.2,317.8,312.2,313.3,352019
12-Aug-13,313.5,314.8,311.7,312.3,202475
09-Aug-13,309.7,314,309.3,313,248789
08-Aug-13,310.9,314.2,309.1,309.1,280141
07-Aug-13,312.4,313.2,305.6,306.1,232292
06-Aug-13,311.8,316.2,308.1,308.9,266977
05-Aug-13,310.8,315.1,310.8,313,255859
02-Aug-13,311.4,311.5,308.4,310.5,157692
01-Aug-13,309.7,312.5,306.4,310,211562
31-Jul-13,307.2,308.6,305.3,308,203158
30-Jul-13,306.3,308.5,305.8,307.4,177998
29-Jul-13,305.5,308.8,305.2,307.7,310142
26-Jul-13,305.4,307,302.4,304.8,221567
25-Jul-13,299,305,297,305,396611
24-Jul-13,306.2,307.5,298.7,300.3,392053
23-Jul-13,313.1,317,306.1,306.1,299272
22-Jul-13,305.6,313,300.4,313,516497
19-Jul-13,316.9,316.9,297.5,298.2,711577
18-Jul-13,315,321.2,313.2,321.1,250731
17-Jul-13,315.9,317.8,314,314.8,367358
16-Jul-13,313.6,319.7,307.74,316.1,344136
15-Jul-13,303.2,312.15,301.01,311.7,449579
12-Jul-13,301.4,303.2,296.2,302,258381
11-Jul-13,298.4,303.6,298.4,300.4,256125
10-Jul-13,295.2,297.1,290.6,297,235648
09-Jul-13,299.2,301,294.7,296.2,403031
08-Jul-13,291.3,297.4,291.3,293.9,327584
05-Jul-13,295.6,300.2,288.4,288.4,371858
04-Jul-13,284.8,297.6,284.6,297.6,287782
03-Jul-13,280.9,284.7,280.9,283.3,193612
02-Jul-13,287.2,287.9,281.3,286.4,253115
01-Jul-13,284.9,288.2,281.6,286.6,329331
28-Jun-13,281.6,286.6,280.8,284.1,630730
27-Jun-13,277.2,282,273.5,282,537477
26-Jun-13,275.5,279.3,274.4,275.7,318320
25-Jun-13,273.3,276,271.7,274.4,355191
24-Jun-13,272.6,275.6,267.5,271,516185
21-Jun-13,276.5,282.4,273.9,274.5,844030
20-Jun-13,272.2,278.5,268,277,490756
19-Jun-13,265.6,274.5,256.8,274.5,936495
18-Jun-13,259.1,269,238,266.6,1440217
17-Jun-13,268.7,268.7,263,265.7,232682
14-Jun-13,265.2,268.6,261.04,267.3,252909
13-Jun-13,260.8,260.8,256.48,258.4,243601
12-Jun-13,264.6,267.6,261.6,262.4,123466
11-Jun-13,271.8,271.9,262.4,264.2,323771
10-Jun-13,271.9,274.2,268.2,272.3,184867
07-Jun-13,267.2,272.7,263.2,271.6,289423
06-Jun-13,270.1,275.2,265.5,265.5,304479
05-Jun-13,271.6,274.8,265.4,267,374673
04-Jun-13,276.2,277.6,270.26,274.3,424599
03-Jun-13,281.1,283.7,274.2,274.2,407769
31-May-13,284.3,285.7,279.8,282.4,231397
30-May-13,279.4,284.2,279.4,283.4,186512
29-May-13,281.9,283.3,279.99,280.6,150510
28-May-13,283.9,286,282.6,283.5,198691
24-May-13,288.1,288.1,280.9,281.4,365476
23-May-13,286,286.8,280.5,286.1,440690
22-May-13,290.7,292.7,288.7,290.1,521141
21-May-13,293.5,294.6,286.4,289.65,561424
20-May-13,291.1,294,290.06,293.2,395534
17-May-13,297.8,297.8,290.3,291.5,588231
16-May-13,290.6,298.1,290.2,296.8,218532
15-May-13,291.6,293.5,289.51,293.3,305353
14-May-13,291,292.74,288.3,292.2,394011
13-May-13,288.2,294.2,288.2,291,419788
10-May-13,289.7,290.5,286.9,289.3,462500
09-May-13,290,291.1,286.83,287.3,445405
08-May-13,283.1,290.6,283.1,290,416316
07-May-13,280.6,285.7,278.4,281.9,423714
03-May-13,272.5,282,270.5,280,353335
02-May-13,274.1,277,269.3,270.4,368008
01-May-13,271.9,274,268,274,195550
30-Apr-13,278,282.1,270,271.1,628611
29-Apr-13,277.2,278.1,271.2,276.5,353064
26-Apr-13,274.2,277,268,275.6,366905
25-Apr-13,268.1,275.1,266.5,272.9,297613
24-Apr-13,260.9,276.6,259.3,267.8,830780
23-Apr-13,256.3,262.4,256.3,260.2,228631
22-Apr-13,263.5,264.1,255.2,257.5,161070
19-Apr-13,263.1,263.1,255,257.7,210060
18-Apr-13,257,262.5,255.86,257.7,415909
17-Apr-13,261,261,253.5,257.97,439982
16-Apr-13,261.1,264.2,257.3,261.13,432879
15-Apr-13,270.7,272.14,260.1,268.85,619997
12-Apr-13,273.7,275.2,270,270.98,446506
11-Apr-13,260.8,279.2,260.8,262.59,843047
10-Apr-13,254,262.69,253.1,261.5,347404
09-Apr-13,255,256.3,249.63,254,395246
08-Apr-13,253,257,249.6,252.1,314331
05-Apr-13,261.6,261.6,247.8,250.2,794923
04-Apr-13,264.1,266.48,253.4,257,576093
03-Apr-13,264.3,267.3,261,263,423252
02-Apr-13,260.8,264.5,259.39,264.2,510172
28-Mar-13,255.4,261.2,252.5,259.45,386191
27-Mar-13,257.6,260.9,251.7,254.9,478254
26-Mar-13,260.16,260.9,256.4,259.3,541223
25-Mar-13,264,265.2,257.1,260,335128
22-Mar-13,260.2,265,256.4,264.4,431654
21-Mar-13,259.1,262.28,255,260.7,548318
20-Mar-13,261.8,263.3,256.2,260,389309
19-Mar-13,260.4,261.4,257,259.9,444947
18-Mar-13,253,262.2,248.72,260.6,1223424
15-Mar-13,264.7,270.1,255.9,255.9,3673510
14-Mar-13,264.1,266.5,259,262.6,538622
13-Mar-13,263.6,265.13,261.1,263,470637
12-Mar-13,269.3,271.7,262.8,264.6,693164
11-Mar-13,270.6,272.1,265.2,270.3,652752
08-Mar-13,272.3,276,269.4,271.7,383538
07-Mar-13,277.3,278.8,270.7,271.5,242133
06-Mar-13,273.8,279.7,272.2,274.97,398337
05-Mar-13,272.3,277.22,266.4,274.18,662843
04-Mar-13,272.4,273.5,262.25,269.69,486710
01-Mar-13,276.2,280.8,269.08,272.98,261392
28-Feb-13,285.6,285.6,274.8,276.75,491319
27-Feb-13,284.8,287,280.6,282.6,395759
26-Feb-13,285.4,289.34,280,280.3,441052
25-Feb-13,291.2,295.9,289.94,292,356966
22-Feb-13,284.7,293.4,284.6,289.3,349015
21-Feb-13,290.4,291.5,282.27,285,293060
20-Feb-13,286.3,294.5,284.9,292.2,374102
19-Feb-13,286.2,287,283.3,285.48,412170
18-Feb-13,287.8,287.9,282.4,285,317702
15-Feb-13,287,289,280.4,286.7,310924
14-Feb-13,290,290,284,285.73,545667
13-Feb-13,285.4,293.9,285.29,290.1,281259
12-Feb-13,288,289.16,282.1,285.4,338023
11-Feb-13,290,291.6,285.9,288.2,373874
08-Feb-13,291,294.3,287.5,290.1,249144
07-Feb-13,290.7,292.99,287.8,287.8,442186
06-Feb-13,294.2,295.6,286.98,289.9,439458
05-Feb-13,287.7,296.5,286.9,292.54,494786
04-Feb-13,294.9,296.25,286.4,288.7,740098
01-Feb-13,283.8,297.5,283.8,295,886043
31-Jan-13,274.9,286.3,274,283.6,1306563
30-Jan-13,290,290,273.84,275.8,1145940
29-Jan-13,297.4,299,289,289.9,1161420
28-Jan-13,297.3,302.3,294.27,295.9,830957
25-Jan-13,296.4,297.61,285.5,296.4,642414
24-Jan-13,281,301.3,274.9,296.9,2983720
23-Jan-13,286.3,289.3,281.7,282.5,1116133
22-Jan-13,282.2,287.3,276.26,284.68,636366
21-Jan-13,282,283.78,279.3,281.6,291567
18-Jan-13,276.8,281.35,274.5,279.5,251286
17-Jan-13,272.4,276.7,270.8,275.2,383971
16-Jan-13,273,275,267.66,272.8,464006
15-Jan-13,283.3,284.34,272.18,274.8,655677
14-Jan-13,281.2,287.7,277.7,283.54,937237
11-Jan-13,274.6,283,274.34,279,621091
10-Jan-13,271.5,279.1,271.3,274.1,801485
09-Jan-13,270.32,271.88,262.4,266.4,602815
08-Jan-13,264.1,274.31,264.03,267.3,465483
07-Jan-13,263.5,269.8,261.68,264.1,479437
04-Jan-13,253.5,265.54,252.99,263.5,615634
03-Jan-13,242.7,259.5,242.42,253.6,1496126
02-Jan-13,233.2,242.9,233.2,238.3,602416
31-Dec-12,229.9,231.2,227.9,229.6,184949
28-Dec-12,231.4,232.2,226.24,227.5,220569
27-Dec-12,230,233.2,228.8,228.8,269241
24-Dec-12,230.1,231.5,228.82,230,73771
21-Dec-12,234.1,234.1,227.94,231.9,859095
20-Dec-12,241.1,243.64,234,234.6,541267
19-Dec-12,239.7,244.4,237.81,242,620242
18-Dec-12,237.5,240,235.4,238.9,341712
17-Dec-12,237.8,239.1,234,236.9,279844
14-Dec-12,235.5,238.92,235.4,237,293266
13-Dec-12,234.8,236.1,226,235.2,561375
12-Dec-12,237.3,237.7,233.4,234.5,452593
11-Dec-12,239.3,241.93,234,236.6,676701
10-Dec-12,238.6,244.7,233,239.9,417489
07-Dec-12,242.2,242.41,236.7,239.5,343628
06-Dec-12,242.4,245.12,239.4,241.7,350935
05-Dec-12,245.4,246.3,240.7,241.6,230751
04-Dec-12,240.4,246.2,240.4,243.6,319576
03-Dec-12,249.2,249.2,240.1,240.5,359132
30-Nov-12,244,248.6,243,246.1,584837
29-Nov-12,235.1,243.7,234,242.6,661121
28-Nov-12,237.5,238.4,231.1,234,623759
27-Nov-12,234.6,242.5,233.63,238.2,1191414
26-Nov-12,231,235.72,228.6,230,685379
23-Nov-12,229,234.71,225.68,231.7,779870
22-Nov-12,218,229.2,217.78,229.2,1911826
21-Nov-12,218.3,218.9,215,217,1070571
20-Nov-12,218.4,219.16,215,217.7,749381
19-Nov-12,217.5,221.29,214.89,218.3,363877
16-Nov-12,218.2,220.57,213.7,218.1,745675
15-Nov-12,223.6,225.1,215.81,217.7,535602
14-Nov-12,224,226.7,221.6,222.2,597995
13-Nov-12,232.1,233,219.8,223.9,859037
12-Nov-12,243.4,244.78,232,232.7,662259
09-Nov-12,245.2,247.7,238.8,240.48,727180
08-Nov-12,252,252,237.3,241.24,2361076
07-Nov-12,272.1,285.6,226.9,233.36,2834265
06-Nov-12,266.1,275.5,266.1,270.9,452188
05-Nov-12,275.56,276.4,267.7,270.7,521956
02-Nov-12,262.5,281.1,261,277.3,1398853
01-Nov-12,258.48,277,252.6,260.21,3442913
31-Oct-12,315,320.69,312.5,313.7,308161
30-Oct-12,313.9,320.3,312.1,316,165985
29-Oct-12,312.5,317.7,310.2,313.3,121238
26-Oct-12,311.7,316.2,311.7,314.2,170996
25-Oct-12,313.9,316.9,310.8,313.1,218315
24-Oct-12,318.1,320,312,313.8,682690
23-Oct-12,339.2,340.2,312.4,314.9,1271030
22-Oct-12,346.2,350.6,343.9,346.3,186405
19-Oct-12,352,352,340.8,346.2,269203
18-Oct-12,354.7,358.8,349.7,353.3,331926
17-Oct-12,338.4,356.1,337.5,353,373612
16-Oct-12,335.6,339,333.8,338.1,203410
15-Oct-12,337.7,340.1,330,334,300694
12-Oct-12,338.5,343,333,342.7,415666
11-Oct-12,335.6,337.5,330.12,335.3,163058
10-Oct-12,336.5,339.9,330,331.9,426984
09-Oct-12,334.3,341.7,332.9,337,130690
08-Oct-12,339.1,342.74,333,337.7,219968
05-Oct-12,334.3,341.1,333.1,340,295407
04-Oct-12,333,334,327.9,333.8,186236
03-Oct-12,326.52,334.2,323.4,332.1,327768
02-Oct-12,321,333.26,320.6,327.9,434753
01-Oct-12,324.5,327,323.3,325.23,264086
28-Sep-12,330,330,323,326.01,581243
27-Sep-12,329.1,329.1,323.2,326.64,312665
26-Sep-12,330.3,332.2,323.6,328.32,469221
25-Sep-12,329.4,333.3,327.2,329.7,320067
24-Sep-12,335.9,336.9,326.6,329,467195
21-Sep-12,343.5,345.3,332.9,336.4,1203332
20-Sep-12,359.6,359.6,335.7,336.77,629698
19-Sep-12,349.9,361.3,345.9,360.6,793129
18-Sep-12,350.5,350.5,338.78,349,519922
17-Sep-12,353.6,364.75,348.3,348.4,498952
14-Sep-12,337.99,354.9,337,345.88,1031607
13-Sep-12,332.3,333.9,325.1,327.92,665376
12-Sep-12,326.1,333.6,319.74,328.25,576927
11-Sep-12,330.6,330.6,314.7,321.16,465472
10-Sep-12,334.8,334.8,327.9,330.55,306823
07-Sep-12,327.8,333.6,324.86,330.56,305260
06-Sep-12,321.7,326.8,316.87,322.93,313658
05-Sep-12,318,321,314,318.9,303886
04-Sep-12,324.3,332,318.3,319.5,353937
03-Sep-12,321.6,331.46,321.6,326.1,165212
31-Aug-12,327.8,332.83,327.5,329,388391
30-Aug-12,329.5,332,319.1,328.8,540695
29-Aug-12,325.78,336.6,323.74,329.8,551624
28-Aug-12,339.92,343.6,313,324,1872634
24-Aug-12,368.8,372.54,365.06,370.5,295662
23-Aug-12,378.5,378.64,367,367,585374
22-Aug-12,377.1,383.2,370.9,377.6,540165
21-Aug-12,373.8,389.3,373.07,379.2,614651
20-Aug-12,405.6,409.88,359.6,373.9,1762055
17-Aug-12,315.4,414.7,313.1,414.7,3768624
16-Aug-12,307.2,315.5,304.2,312,803408
15-Aug-12,307.7,309.8,303.9,307,225263
14-Aug-12,310,312.4,307.9,309,256959
13-Aug-12,311.1,315.2,306.3,310,299379
10-Aug-12,307,314.7,305.6,311.7,492806
09-Aug-12,302.1,308.59,301.05,308,331674
08-Aug-12,302.6,304.4,297,300.8,694898
07-Aug-12,301.9,305.33,292.3,304.3,737820
06-Aug-12,290.5,303.7,288.32,303,727476
03-Aug-12,284.9,294.98,284.4,290.3,461213
02-Aug-12,293.9,293.9,282.6,283.9,602586
01-Aug-12,290.4,298.9,290.3,293.4,554874
31-Jul-12,289,291.08,283.1,289.3,505635
30-Jul-12,287.3,291.5,282.3,290,537346
27-Jul-12,283,288,277.8,285.9,585212
26-Jul-12,277.7,281.78,272.6,281.3,346676
25-Jul-12,277.4,281.4,275,276.4,720468
24-Jul-12,281,283.7,273.8,276.8,950421
23-Jul-12,284.5,286.7,277.1,280,582048
20-Jul-12,288.5,290.93,282.9,286.8,863361
19-Jul-12,282.7,289.1,280.2,288.2,652003
18-Jul-12,280,283.5,278.8,281.1,359401
17-Jul-12,283.5,285,278,278.4,735106
16-Jul-12,279.4,286.4,277.1,282.9,771975
13-Jul-12,277.9,281.4,275,279.2,1127859
12-Jul-12,280.7,284.54,280.7,278,793192
11-Jul-12,286,290.9,275.8,282.7,2456568
10-Jul-12,278.1,294.2,278.1,290.55,1729042
09-Jul-12,281.4,284.12,276.4,277.8,796818
06-Jul-12,274.6,283.5,274.6,280.04,1478927
05-Jul-12,268.6,278.8,265.2,277.26,1633821
04-Jul-12,270.7,271.1,265.3,267.3,683827
03-Jul-12,276.5,276.6,261.2,269,1416454
02-Jul-12,278.7,283.5,271.2,274.1,1027120
29-Jun-12,283.5,285.3,271.8,274.4,1382881
28-Jun-12,288.4,289.59,274.9,277.9,827455
27-Jun-12,286.8,292.1,286.6,289.1,622151
26-Jun-12,292.9,294.6,284.08,286.6,774390
25-Jun-12,300,306.57,291.5,293.3,785296
22-Jun-12,307,307.1,299.58,305.1,619739
21-Jun-12,306,311.4,299.53,309.5,628068
20-Jun-12,295,310,293.37,308,1417768
19-Jun-12,313.3,314,286,293.5,2305116
18-Jun-12,326.5,330.23,315.3,323.4,543625
15-Jun-12,313.5,323.93,312,323.9,1316244
14-Jun-12,304.8,312.7,303.2,311.8,574047
13-Jun-12,319.3,321.62,303.5,306.3,676316
12-Jun-12,320.1,321.5,315.6,318.2,493725
11-Jun-12,328.3,334.6,320,321.3,716936
08-Jun-12,327.2,327.47,318.2,322.9,693897
07-Jun-12,322.3,333,320,328.9,698740
06-Jun-12,313.7,320.7,308.4,320.7,784765
01-Jun-12,316.7,317.2,306.2,309.6,667936
31-May-12,319,323.9,314.2,317.5,655545
30-May-12,321.2,324.56,317.3,317.4,813182
29-May-12,315.8,323,313.6,322.6,490347
28-May-12,317.7,318.82,313.3,314.3,321851
25-May-12,313.8,317.4,309.2,312,464018
24-May-12,316.1,316.1,307.7,312.28,413663
23-May-12,316,317,308.3,310.7,482519
22-May-12,322.2,322.2,317.9,319.4,702572
21-May-12,317.5,322.1,314,315.5,367578
18-May-12,318,322.6,314.44,316,519418
17-May-12,327.5,329.9,320,321,337348
16-May-12,325,330.4,318.8,326.4,439630
15-May-12,332.1,335.6,325.8,326.1,641397
14-May-12,335.6,335.6,327.3,331.7,663264
11-May-12,335.8,339.8,332.8,338.2,710010
10-May-12,321.6,338.5,321.6,336.3,1227222
09-May-12,334.5,335.85,315,320.3,1033858
08-May-12,341,343.01,331,334.4,899646
04-May-12,360.4,361.59,337.9,340.6,1144738
03-May-12,374.9,374.9,361,361.1,917214
02-May-12,397.8,397.95,371.9,371.9,2052182
01-May-12,366,396,365.7,391.9,2091674
30-Apr-12,327.5,334,319,326.5,1657484
27-Apr-12,317,326,311.7,324,2751219
26-Apr-12,339,339,316.3,316.9,1741960
25-Apr-12,345.9,351.3,339,339,1310902
24-Apr-12,349.4,351.4,343.1,345.8,1064245
23-Apr-12,360.7,360.7,346.2,347.3,504148
20-Apr-12,370.7,370.7,360.9,362.9,553394
19-Apr-12,380.9,383.6,369.5,370.3,646674
18-Apr-12,392.4,392.4,375.4,379,630662
17-Apr-12,377.9,393.6,377.3,385.7,693708
16-Apr-12,379,383,375.2,379,644913
13-Apr-12,382.1,386.5,378,381,438916
12-Apr-12,383.3,386.3,378,383.75,614829
11-Apr-12,376,384.6,375.3,381.08,483921
10-Apr-12,384.37,384.37,376.6,381.83,301269
05-Apr-12,389.3,392.1,381.6,387.2,477044
04-Apr-12,406,406,383.9,387.9,639175
03-Apr-12,413.6,414,405.6,407.69,566909
02-Apr-12,407.5,413.9,400.4,413.9,560969
30-Mar-12,400.3,408.22,399.75,407.5,662503
29-Mar-12,404.9,406.9,396.4,397.6,406150
28-Mar-12,413,416,403.3,405.3,422911
27-Mar-12,417.9,417.9,412.7,414.4,596083
26-Mar-12,414,417.9,411.1,414.5,631502
23-Mar-12,414.1,422.5,404.5,414.3,214403
22-Mar-12,422,423.4,411.4,414.2,518864
21-Mar-12,426,429.3,413.2,421.5,471940
20-Mar-12,440,440.1,425.9,434.9,602531
19-Mar-12,440,448.5,435.6,442,446902
16-Mar-12,437.6,441.5,434.1,440,820932
15-Mar-12,437.8,440,435.3,436.3,447705
14-Mar-12,436,440.7,432.01,437,695538
13-Mar-12,423.7,435.6,422.7,432.8,319096
12-Mar-12,422.2,425.4,417.5,422.7,269076
09-Mar-12,420,425.4,418.7,422.5,399897
08-Mar-12,412.9,421.21,410.24,421,775714
07-Mar-12,405,411.38,405,411,679484
06-Mar-12,427.1,428.6,403.2,405.8,519582
05-Mar-12,414.3,438.2,411.4,428.4,1009303
02-Mar-12,419.9,420,407.7,410.3,910234
01-Mar-12,435.9,437.92,410.5,433.45,1652570
29-Feb-12,435.6,444,435.1,438.8,454810
28-Feb-12,439.8,440,433.7,436.94,384538
27-Feb-12,435.6,437.7,425.83,433.69,368044
24-Feb-12,437.7,440,432.4,433,357988
23-Feb-12,438,440,432,435.6,246847
22-Feb-12,435.9,440.5,431.4,437.4,218539
21-Feb-12,442.8,442.8,428.9,433.5,275626
20-Feb-12,432.7,447.8,431.45,444.83,297242
17-Feb-12,425,431.8,419.4,431.4,277319
16-Feb-12,420.4,424.5,414.4,422.9,509291
15-Feb-12,421.7,426.9,416.1,419.2,509114
14-Feb-12,415.1,423,413.4,420.5,422576
13-Feb-12,418.8,424.25,414.9,418,332999
10-Feb-12,426.2,428.1,416.3,417.4,425343
09-Feb-12,418,426.3,414.7,424.7,593076
08-Feb-12,420.3,420.6,410.8,418.7,284945
07-Feb-12,416,417.4,408.7,416.5,754073
06-Feb-12,423.9,425,408.9,416.78,613417
03-Feb-12,403.7,427.7,399.62,425.46,1310509
02-Feb-12,389,404.8,389,402.57,1385111
01-Feb-12,384,393.1,384,390.1,1071615
31-Jan-12,380,387.5,377,383.8,582233
30-Jan-12,384.6,388.7,377.6,379.9,840569
27-Jan-12,376.51,388.3,369.68,387.3,1328482
26-Jan-12,376.1,390,367,378.8,1124683
25-Jan-12,386.5,398.72,380.9,383.39,991359
24-Jan-12,435,435,383.5,392.89,2656944
23-Jan-12,450,450.2,446,448.28,562910
20-Jan-12,460.1,462.6,448.7,452.62,684783
19-Jan-12,445.5,463,444.4,447.23,680985
18-Jan-12,435.5,444.9,432.5,443.56,435656
17-Jan-12,440,443.5,433,435,260649
16-Jan-12,433.9,440.5,433.4,436.3,320015
13-Jan-12,428.2,442.8,428.2,436,623462
12-Jan-12,413,427.6,408,427.6,1004985
11-Jan-12,407,417.8,403,413.3,777539
10-Jan-12,401,413.3,389.1,410.15,625708
09-Jan-12,403,406.3,397.6,399,572350
06-Jan-12,396.3,407,396.1,402.5,154384
05-Jan-12,404,404,393.7,394.2,236668
04-Jan-12,410.1,414.7,397.4,401.6,366495
03-Jan-12,405.8,410.4,402.5,410.4,382869
30-Dec-11,392.1,406.1,390.92,399.9,193713
29-Dec-11,385.5,387.9,382.5,387.9,116973
28-Dec-11,384,391.1,375.04,384.92,393439
23-Dec-11,-,-,-,380.29,0
22-Dec-11,377.2,379.4,373.4,379.4,222924
21-Dec-11,379,384.1,371.5,380.16,357657
20-Dec-11,369.8,377.2,369.2,377.2,401715
19-Dec-11,376,379.4,369.7,370.4,297739
